h,Max Error,Error[i]/Error[i-1],
0.25,0.196796,
0.125,0.0412659,4.76899,
0.0625,0.0461367,0.894427,
0.03125,0.00470255,9.811,
0.015625,0.00460353,1.02151,
0.0078125,0.00455322,1.01105,
0.00390625,0.00210899,2.15895,
0.00195312,0.0012033,1.75268,
0.000976562,0.000455919,2.63928,
