h,Delta t,Max Error,Error[i]/Error[i-1],
0.25,0.0625,0.0339019,
0.125,0.015625,0.00665366,0.196262,
0.0625,0.00390625,0.00155101,0.233106,
0.03125,0.000976562,0.000380783,0.245507,
0.015625,0.000244141,9.47613e-05,0.248859,
0.0078125,6.10352e-05,2.36632e-05,0.249714,
0.00390625,1.52588e-05,5.9141e-06,0.249928,
0.00195312,3.8147e-06,1.47842e-06,0.249982,
